Time,PolicyNum
30.698066,1
84.062209,0
356.093979,1
481.334231,0
