Time,PolicyNum
30.314478,1
83.319794,0
235.937069,1
361.400361,0
