Time,PolicyNum
30.061238,1
83.639453,0
592.241948,1
722.150827,0
