Time,PolicyNum
29.195268,1
81.710457,0
209.799576,1
332.830968,0
